Team_1,Team_2,Winner,Margin,Ground,Match Date
Bangladesh,Sri Lanka,Sri Lanka,7 wickets,Dhaka,"Jan 4, 2010"
India,Sri Lanka,Sri Lanka,5 wickets,Dhaka,"Jan 5, 2010"
Bangladesh,India,India,6 wickets,Dhaka,"Jan 7, 2010"
Bangladesh,Sri Lanka,Sri Lanka,9 wickets,Dhaka,"Jan 8, 2010"
India,Sri Lanka,India,8 wickets,Dhaka,"Jan 10, 2010"
Bangladesh,India,India,6 wickets,Dhaka,"Jan 11, 2010"
India,Sri Lanka,Sri Lanka,4 wickets,Dhaka,"Jan 13, 2010"
Australia,Pakistan,Australia,5 wickets,Brisbane,"Jan 22, 2010"
Australia,Pakistan,Australia,140 runs,Sydney,"Jan 24, 2010"
Australia,Pakistan,Australia,40 runs,Adelaide,"Jan 26, 2010"
Australia,Pakistan,Australia,135 runs,Perth,"Jan 29, 2010"
Australia,Pakistan,Australia,2 wickets,Perth,"Jan 31, 2010"
New Zealand,Bangladesh,New Zealand,146 runs,Napier,"Feb 5, 2010"
Australia,West Indies,Australia,113 runs,Melbourne,"Feb 7, 2010"
New Zealand,Bangladesh,New Zealand,5 wickets,Dunedin,"Feb 8, 2010"
Australia,West Indies,Australia,8 wickets,Adelaide,"Feb 9, 2010"
New Zealand,Bangladesh,New Zealand,3 wickets,Christchurch,"Feb 11, 2010"
Australia,West Indies,no result,,Sydney,"Feb 12, 2010"
Australia,West Indies,Australia,50 runs,Brisbane,"Feb 14, 2010"
Kenya,Netherlands,Kenya,6 wickets,Nairobi (Gym),"Feb 16, 2010"
Afghanistan,Canada,Afghanistan,1 run,Sharjah,"Feb 16, 2010"
Kenya,Netherlands,Netherlands,80 runs,Nairobi (Gym),"Feb 18, 2010"
Afghanistan,Canada,Canada,4 wickets,Sharjah,"Feb 18, 2010"
Australia,West Indies,Australia,125 runs,Melbourne,"Feb 19, 2010"
India,South Africa,India,1 run,Jaipur,"Feb 21, 2010"
India,South Africa,India,153 runs,Gwalior,"Feb 24, 2010"
India,South Africa,South Africa,90 runs,Ahmedabad,"Feb 27, 2010"
Bangladesh,England,England,6 wickets,Dhaka,"Feb 28, 2010"
Bangladesh,England,England,2 wickets,Dhaka,"Mar 2, 2010"
New Zealand,Australia,New Zealand,2 wickets,Napier,"Mar 3, 2010"
West Indies,Zimbabwe,Zimbabwe,2 runs,Providence,"Mar 4, 2010"
Bangladesh,England,England,45 runs,Chittagong,"Mar 5, 2010"
New Zealand,Australia,Australia,12 runs,Auckland,"Mar 6, 2010"
West Indies,Zimbabwe,West Indies,4 wickets,Providence,"Mar 6, 2010"
New Zealand,Australia,Australia,6 wickets,Hamilton,"Mar 9, 2010"
West Indies,Zimbabwe,West Indies,141 runs,Kingstown,"Mar 10, 2010"
New Zealand,Australia,Australia,6 wickets,Auckland,"Mar 11, 2010"
West Indies,Zimbabwe,West Indies,4 wickets,Kingstown,"Mar 12, 2010"
New Zealand,Australia,New Zealand,51 runs,Wellington,"Mar 13, 2010"
West Indies,Zimbabwe,West Indies,4 wickets,Kingstown,"Mar 14, 2010"
West Indies,Canada,West Indies,208 runs,Kingston,"Apr 13, 2010"
West Indies,Ireland,West Indies,6 wickets,Kingston,"Apr 15, 2010"
West Indies,South Africa,South Africa,66 runs,North Sound,"May 22, 2010"
West Indies,South Africa,South Africa,17 runs,North Sound,"May 24, 2010"
Zimbabwe,India,Zimbabwe,6 wickets,Bulawayo,"May 28, 2010"
West Indies,South Africa,South Africa,67 runs,Roseau,"May 28, 2010"
India,Sri Lanka,India,7 wickets,Bulawayo,"May 30, 2010"
West Indies,South Africa,South Africa,7 wickets,Roseau,"May 30, 2010"
Zimbabwe,Sri Lanka,Sri Lanka,9 wickets,Bulawayo,"Jun 1, 2010"
Zimbabwe,India,Zimbabwe,7 wickets,Harare,"Jun 3, 2010"
West Indies,South Africa,South Africa,1 wicket,Port of Spain,"Jun 3, 2010"
India,Sri Lanka,Sri Lanka,6 wickets,Harare,"Jun 5, 2010"
Zimbabwe,Sri Lanka,Zimbabwe,8 wickets,Harare,"Jun 7, 2010"
Zimbabwe,Sri Lanka,Sri Lanka,9 wickets,Harare,"Jun 9, 2010"
Sri Lanka,Pakistan,Sri Lanka,16 runs,Dambulla,"Jun 15, 2010"
Netherlands,Scotland,Netherlands,6 wickets,Rotterdam,"Jun 15, 2010"
Bangladesh,India,India,6 wickets,Dambulla,"Jun 16, 2010"
Ireland,Australia,Australia,39 runs,Dublin,"Jun 17, 2010"
Sri Lanka,Bangladesh,Sri Lanka,126 runs,Dambulla,"Jun 18, 2010"
India,Pakistan,India,3 wickets,Dambulla,"Jun 19, 2010"
Scotland,England,England,7 wickets,Edinburgh,"Jun 19, 2010"
Bangladesh,Pakistan,Pakistan,139 runs,Dambulla,"Jun 21, 2010"
Sri Lanka,India,Sri Lanka,7 wickets,Dambulla,"Jun 22, 2010"
England,Australia,England,4 wickets,Southampton,"Jun 22, 2010"
Sri Lanka,India,India,81 runs,Dambulla,"Jun 24, 2010"
England,Australia,England,4 wickets,Cardiff,"Jun 24, 2010"
England,Australia,England,1 wicket,Manchester,"Jun 27, 2010"
England,Australia,Australia,78 runs,The Oval,"Jun 30, 2010"
Afghanistan,Canada,Afghanistan,6 wickets,The Hague,"Jul 1, 2010"
Ireland,Kenya,Ireland,7 wickets,Rotterdam,"Jul 1, 2010"
Netherlands,Scotland,Scotland,1 wicket,Amstelveen,"Jul 1, 2010"
Afghanistan,Ireland,Ireland,39 runs,Rotterdam,"Jul 3-4, 2010"
Canada,Scotland,Scotland,69 runs,Amstelveen,"Jul 3, 2010"
Netherlands,Kenya,Netherlands,117 runs,The Hague,"Jul 3, 2010"
England,Australia,Australia,42 runs,Lord's,"Jul 3, 2010"
Afghanistan,Kenya,Afghanistan,1 wicket,Amstelveen,"Jul 5, 2010"
Ireland,Scotland,Ireland,5 wickets,The Hague,"Jul 5, 2010"
Netherlands,Canada,Netherlands,7 wickets,Rotterdam,"Jul 5, 2010"
Canada,Ireland,Ireland,5 wickets,Amstelveen,"Jul 7, 2010"
Kenya,Scotland,Scotland,6 runs,Rotterdam,"Jul 7, 2010"
Netherlands,Afghanistan,Afghanistan,6 wickets,The Hague,"Jul 7, 2010"
England,Bangladesh,England,6 wickets,Nottingham,"Jul 8, 2010"
Afghanistan,Scotland,Scotland,2 wickets,Rotterdam,"Jul 9, 2010"
Canada,Kenya,Canada,6 wickets,Schiedam,"Jul 9, 2010"
Netherlands,Ireland,Ireland,39 runs,Amstelveen,"Jul 9, 2010"
Canada,Kenya,Canada,3 wickets,Schiedam,"Jul 10, 2010"
Ireland,Scotland,Ireland,6 wickets,Amstelveen,"Jul 10, 2010"
Netherlands,Afghanistan,Afghanistan,5 wickets,Rotterdam,"Jul 10, 2010"
England,Bangladesh,Bangladesh,5 runs,Bristol,"Jul 10, 2010"
England,Bangladesh,England,144 runs,Birmingham,"Jul 12, 2010"
Ireland,Bangladesh,Ireland,7 wickets,Belfast,"Jul 15, 2010"
Ireland,Bangladesh,Bangladesh,6 wickets,Belfast,"Jul 16, 2010"
Bangladesh,Netherlands,Netherlands,6 wickets,Glasgow,"Jul 20, 2010"
India,New Zealand,New Zealand,200 runs,Dambulla,"Aug 10, 2010"
Sri Lanka,New Zealand,Sri Lanka,3 wickets,Dambulla,"Aug 13, 2010"
Sri Lanka,India,India,6 wickets,Dambulla,"Aug 16, 2010"
Scotland,Afghanistan,Afghanistan,9 wickets,Ayr,"Aug 16, 2010"
Ireland,Netherlands,Ireland,70 runs,Dublin,"Aug 16, 2010"
Scotland,Afghanistan,Scotland,6 wickets,Ayr,"Aug 17, 2010"
Ireland,Netherlands,Ireland,9 wickets,Dublin,"Aug 18, 2010"
Sri Lanka,New Zealand,no result,,Dambulla,"Aug 19-20, 2010"
Sri Lanka,India,Sri Lanka,8 wickets,Dambulla,"Aug 22, 2010"
India,New Zealand,India,105 runs,Dambulla,"Aug 25, 2010"
Sri Lanka,India,Sri Lanka,74 runs,Dambulla,"Aug 28, 2010"
Canada,Ireland,Canada,4 runs,Toronto,"Sep 6, 2010"
Canada,Ireland,Ireland,92 runs,Toronto,"Sep 7, 2010"
England,Pakistan,England,24 runs,Chester-le-Street,"Sep 10, 2010"
England,Pakistan,England,4 wickets,Leeds,"Sep 12, 2010"
England,Pakistan,Pakistan,23 runs,The Oval,"Sep 17, 2010"
England,Pakistan,Pakistan,38 runs,Lord's,"Sep 20, 2010"
England,Pakistan,England,121 runs,Southampton,"Sep 22, 2010"
Zimbabwe,Ireland,Zimbabwe,2 wickets,Harare,"Sep 26, 2010"
Zimbabwe,Ireland,Zimbabwe,3 wickets,Harare,"Sep 28, 2010"
Zimbabwe,Ireland,Ireland,20 runs,Harare,"Sep 30, 2010"
Bangladesh,New Zealand,Bangladesh,9 runs,Dhaka,"Oct 5, 2010"
Kenya,Afghanistan,Kenya,92 runs,Nairobi (Gym),"Oct 7, 2010"
Kenya,Afghanistan,Afghanistan,6 wickets,Nairobi (Gym),"Oct 9, 2010"
Bangladesh,New Zealand,Bangladesh,7 wickets,Dhaka,"Oct 11, 2010"
Kenya,Afghanistan,Kenya,8 wickets,Nairobi (Gym),"Oct 11, 2010"
Bangladesh,New Zealand,Bangladesh,9 runs,Dhaka,"Oct 14, 2010"
South Africa,Zimbabwe,South Africa,64 runs,Bloemfontein,"Oct 15, 2010"
Bangladesh,New Zealand,Bangladesh,3 runs,Dhaka,"Oct 17, 2010"
South Africa,Zimbabwe,South Africa,8 wickets,Potchefstroom,"Oct 17, 2010"
India,Australia,India,5 wickets,Visakhapatnam,"Oct 20, 2010"
South Africa,Zimbabwe,South Africa,272 runs,Benoni,"Oct 22, 2010"
Pakistan,South Africa,South Africa,8 wickets,Abu Dhabi,"Oct 29, 2010"
Pakistan,South Africa,Pakistan,1 wicket,Abu Dhabi,"Oct 31, 2010"
Pakistan,South Africa,South Africa,2 runs,Dubai (DSC),"Nov 2, 2010"
Australia,Sri Lanka,Sri Lanka,1 wicket,Melbourne,"Nov 3, 2010"
Australia,Sri Lanka,Sri Lanka,29 runs,Sydney,"Nov 5, 2010"
Pakistan,South Africa,Pakistan,1 wicket,Dubai (DSC),"Nov 5, 2010"
Australia,Sri Lanka,Australia,8 wickets,Brisbane,"Nov 7, 2010"
Pakistan,South Africa,South Africa,57 runs,Dubai (DSC),"Nov 8, 2010"
India,New Zealand,India,40 runs,Guwahati,"Nov 28, 2010"
Bangladesh,Zimbabwe,Zimbabwe,9 runs,Dhaka,"Dec 1, 2010"
India,New Zealand,India,8 wickets,Jaipur,"Dec 1, 2010"
Bangladesh,Zimbabwe,Bangladesh,6 wickets,Dhaka,"Dec 3, 2010"
India,New Zealand,India,9 wickets,Vadodara,"Dec 4, 2010"
Bangladesh,Zimbabwe,Bangladesh,65 runs,Dhaka,"Dec 6, 2010"
India,New Zealand,India,5 wickets,Bengaluru,"Dec 7, 2010"
India,New Zealand,India,8 wickets,Chennai,"Dec 10, 2010"
Bangladesh,Zimbabwe,Bangladesh,6 wickets,Chittagong,"Dec 12, 2010"
South Africa,India,South Africa,135 runs,Durban,"Jan 12, 2011"
South Africa,India,India,1 run,Johannesburg,"Jan 15, 2011"
Australia,England,Australia,6 wickets,Melbourne,"Jan 16, 2011"
South Africa,India,India,2 wickets,Cape Town,"Jan 18, 2011"
Australia,England,Australia,46 runs,Hobart,"Jan 21, 2011"
South Africa,India,South Africa,48 runs,Port Elizabeth,"Jan 21, 2011"
New Zealand,Pakistan,New Zealand,9 wickets,Wellington,"Jan 22, 2011"
Australia,England,Australia,4 wickets,Sydney,"Jan 23, 2011"
South Africa,India,South Africa,33 runs,Centurion,"Jan 23, 2011"
New Zealand,Pakistan,no result,,Queenstown,"Jan 26, 2011"
Australia,England,England,21 runs,Adelaide,"Jan 26, 2011"
New Zealand,Pakistan,Pakistan,43 runs,Christchurch,"Jan 29, 2011"
Australia,England,Australia,51 runs,Brisbane,"Jan 30, 2011"
Sri Lanka,West Indies,no result,,Colombo (SSC),"Jan 31, 2011"
New Zealand,Pakistan,Pakistan,2 wickets,Napier,"Feb 1, 2011"
Australia,England,Australia,2 wickets,Sydney,"Feb 2, 2011"
New Zealand,Pakistan,Pakistan,41 runs,Hamilton,"Feb 3, 2011"
Sri Lanka,West Indies,Sri Lanka,8 wickets,Colombo (SSC),"Feb 3, 2011"
New Zealand,Pakistan,New Zealand,57 runs,Auckland,"Feb 5, 2011"
Australia,England,Australia,57 runs,Perth,"Feb 6, 2011"
Sri Lanka,West Indies,Sri Lanka,26 runs,Colombo (SSC),"Feb 6, 2011"
Bangladesh,India,India,87 runs,Dhaka,"Feb 19, 2011"
Kenya,New Zealand,New Zealand,10 wickets,Chennai,"Feb 20, 2011"
Sri Lanka,Canada,Sri Lanka,210 runs,Hambantota,"Feb 20, 2011"
Australia,Zimbabwe,Australia,91 runs,Ahmedabad,"Feb 21, 2011"
England,Netherlands,England,6 wickets,Nagpur,"Feb 22, 2011"
Kenya,Pakistan,Pakistan,205 runs,Hambantota,"Feb 23, 2011"
South Africa,West Indies,South Africa,7 wickets,Delhi,"Feb 24, 2011"
Australia,New Zealand,Australia,7 wickets,Nagpur,"Feb 25, 2011"
Bangladesh,Ireland,Bangladesh,27 runs,Dhaka,"Feb 25, 2011"
Sri Lanka,Pakistan,Pakistan,11 runs,Colombo (RPS),"Feb 26, 2011"
India,England,tied,,Bengaluru,"Feb 27, 2011"
Canada,Zimbabwe,Zimbabwe,175 runs,Nagpur,"Feb 28, 2011"
Netherlands,West Indies,West Indies,215 runs,Delhi,"Feb 28, 2011"
Sri Lanka,Kenya,Sri Lanka,9 wickets,Colombo (RPS),"Mar 1, 2011"
England,Ireland,Ireland,3 wickets,Bengaluru,"Mar 2, 2011"
Netherlands,South Africa,South Africa,231 runs,Mohali,"Mar 3, 2011"
Canada,Pakistan,Pakistan,46 runs,Colombo (RPS),"Mar 3, 2011"
New Zealand,Zimbabwe,New Zealand,10 wickets,Ahmedabad,"Mar 4, 2011"
Bangladesh,West Indies,West Indies,9 wickets,Dhaka,"Mar 4, 2011"
Sri Lanka,Australia,no result,,Colombo (RPS),"Mar 5, 2011"
England,South Africa,England,6 runs,Chennai,"Mar 6, 2011"
India,Ireland,India,5 wickets,Bengaluru,"Mar 6, 2011"
Canada,Kenya,Canada,5 wickets,Delhi,"Mar 7, 2011"
New Zealand,Pakistan,New Zealand,110 runs,Pallekele,"Mar 8, 2011"
India,Netherlands,India,5 wickets,Delhi,"Mar 9, 2011"
Sri Lanka,Zimbabwe,Sri Lanka,139 runs,Pallekele,"Mar 10, 2011"
Ireland,West Indies,West Indies,44 runs,Mohali,"Mar 11, 2011"
Bangladesh,England,Bangladesh,2 wickets,Chittagong,"Mar 11, 2011"
India,South Africa,South Africa,3 wickets,Nagpur,"Mar 12, 2011"
Canada,New Zealand,New Zealand,97 runs,Mumbai,"Mar 13, 2011"
Australia,Kenya,Australia,60 runs,Bengaluru,"Mar 13, 2011"
Bangladesh,Netherlands,Bangladesh,6 wickets,Chittagong,"Mar 14, 2011"
Pakistan,Zimbabwe,Pakistan,7 wickets,Pallekele,"Mar 14, 2011"
Ireland,South Africa,South Africa,131 runs,Kolkata,"Mar 15, 2011"
Australia,Canada,Australia,7 wickets,Bengaluru,"Mar 16, 2011"
England,West Indies,England,18 runs,Chennai,"Mar 17, 2011"
Ireland,Netherlands,Ireland,6 wickets,Kolkata,"Mar 18, 2011"
New Zealand,Sri Lanka,Sri Lanka,112 runs,Mumbai,"Mar 18, 2011"
Bangladesh,South Africa,South Africa,206 runs,Dhaka,"Mar 19, 2011"
Australia,Pakistan,Pakistan,4 wickets,Colombo (RPS),"Mar 19, 2011"
Kenya,Zimbabwe,Zimbabwe,161 runs,Kolkata,"Mar 20, 2011"
India,West Indies,India,80 runs,Chennai,"Mar 20, 2011"
Pakistan,West Indies,Pakistan,10 wickets,Dhaka,"Mar 23, 2011"
India,Australia,India,5 wickets,Ahmedabad,"Mar 24, 2011"
New Zealand,South Africa,New Zealand,49 runs,Dhaka,"Mar 25, 2011"
Sri Lanka,England,Sri Lanka,10 wickets,Colombo (RPS),"Mar 26, 2011"
Sri Lanka,New Zealand,Sri Lanka,5 wickets,Colombo (RPS),"Mar 29, 2011"
India,Pakistan,India,29 runs,Mohali,"Mar 30, 2011"
India,Sri Lanka,India,6 wickets,Mumbai,"Apr 2, 2011"
Bangladesh,Australia,Australia,60 runs,Dhaka,"Apr 9, 2011"
Bangladesh,Australia,Australia,9 wickets,Dhaka,"Apr 11, 2011"
Bangladesh,Australia,Australia,66 runs,Dhaka,"Apr 13, 2011"
West Indies,Pakistan,Pakistan,8 wickets,Gros Islet,"Apr 23, 2011"
West Indies,Pakistan,Pakistan,7 wickets,Gros Islet,"Apr 25, 2011"
West Indies,Pakistan,Pakistan,3 wickets,Bridgetown,"Apr 28, 2011"
West Indies,Pakistan,West Indies,1 run,Bridgetown,"May 2, 2011"
West Indies,Pakistan,West Indies,10 wickets,Providence,"May 5, 2011"
Ireland,Pakistan,Pakistan,7 wickets,Belfast,"May 28, 2011"
Ireland,Pakistan,Pakistan,5 wickets,Belfast,"May 30, 2011"
West Indies,India,India,4 wickets,Port of Spain,"Jun 6, 2011"
West Indies,India,India,7 wickets,Port of Spain,"Jun 8, 2011"
West Indies,India,India,3 wickets,North Sound,"Jun 11, 2011"
West Indies,India,West Indies,103 runs,North Sound,"Jun 13, 2011"
West Indies,India,West Indies,7 wickets,Kingston,"Jun 16, 2011"
Scotland,Netherlands,Scotland,15 runs,Aberdeen,"Jun 28, 2011"
England,Sri Lanka,England,110 runs,The Oval,"Jun 28, 2011"
Scotland,Netherlands,Scotland,5 wickets,Aberdeen,"Jun 29, 2011"
England,Sri Lanka,Sri Lanka,69 runs,Leeds,"Jul 1, 2011"
England,Sri Lanka,Sri Lanka,6 wickets,Lord's,"Jul 3, 2011"
England,Sri Lanka,England,10 wickets,Nottingham,"Jul 6, 2011"
England,Sri Lanka,England,16 runs,Manchester,"Jul 9, 2011"
Scotland,Ireland,Scotland,5 wickets,Edinburgh,"Jul 12, 2011"
Scotland,Sri Lanka,Sri Lanka,183 runs,Edinburgh,"Jul 13, 2011"
Canada,Afghanistan,Afghanistan,2 wickets,King City (NW),"Aug 7, 2011"
Canada,Afghanistan,Afghanistan,17 runs,Toronto,"Aug 9, 2011"
Sri Lanka,Australia,Australia,7 wickets,Pallekele,"Aug 10, 2011"
Zimbabwe,Bangladesh,Zimbabwe,4 wickets,Harare,"Aug 12, 2011"
Zimbabwe,Bangladesh,Zimbabwe,7 wickets,Harare,"Aug 14, 2011"
Sri Lanka,Australia,Australia,8 wickets,Hambantota,"Aug 14, 2011"
Zimbabwe,Bangladesh,Zimbabwe,5 runs,Harare,"Aug 16, 2011"
Sri Lanka,Australia,Sri Lanka,78 runs,Hambantota,"Aug 16, 2011"
Zimbabwe,Bangladesh,Bangladesh,6 wickets,Bulawayo,"Aug 19, 2011"
Sri Lanka,Australia,Australia,5 wickets,Colombo (RPS),"Aug 20, 2011"
Zimbabwe,Bangladesh,Bangladesh,93 runs,Bulawayo,"Aug 21, 2011"
Sri Lanka,Australia,Sri Lanka,4 wickets,Colombo (RPS),"Aug 22, 2011"
Ireland,England,England,11 runs,Dublin,"Aug 25, 2011"
England,India,no result,,Chester-le-Street,"Sep 3, 2011"
England,India,England,7 wickets,Southampton,"Sep 6, 2011"
Zimbabwe,Pakistan,Pakistan,5 runs,Bulawayo,"Sep 8, 2011"
England,India,England,3 wickets,The Oval,"Sep 9, 2011"
Zimbabwe,Pakistan,Pakistan,10 wickets,Harare,"Sep 11, 2011"
England,India,tied,,Lord's,"Sep 11, 2011"
Netherlands,Kenya,Netherlands,2 wickets,The Hague,"Sep 12, 2011"
Netherlands,Kenya,Netherlands,4 wickets,The Hague,"Sep 13, 2011"
Zimbabwe,Pakistan,Pakistan,28 runs,Harare,"Sep 14, 2011"
England,India,England,6 wickets,Cardiff,"Sep 16, 2011"
Ireland,Canada,Ireland,133 runs,Dublin,"Sep 19, 2011"
Ireland,Canada,Ireland,56 runs,Dublin,"Sep 20, 2011"
Bangladesh,West Indies,West Indies,40 runs,Dhaka,"Oct 13, 2011"
India,England,India,126 runs,Hyderabad (Deccan),"Oct 14, 2011"
Bangladesh,West Indies,West Indies,8 wickets,Dhaka,"Oct 15, 2011"
India,England,India,8 wickets,Delhi,"Oct 17, 2011"
Bangladesh,West Indies,Bangladesh,8 wickets,Chittagong,"Oct 18, 2011"
South Africa,Australia,Australia,93 runs,Centurion,"Oct 19, 2011"
Zimbabwe,New Zealand,New Zealand,9 wickets,Harare,"Oct 20, 2011"
India,England,India,5 wickets,Mohali,"Oct 20, 2011"
Zimbabwe,New Zealand,New Zealand,4 wickets,Harare,"Oct 22, 2011"
India,England,India,6 wickets,Mumbai,"Oct 23, 2011"
South Africa,Australia,South Africa,80 runs,Port Elizabeth,"Oct 23, 2011"
Zimbabwe,New Zealand,Zimbabwe,1 wicket,Bulawayo,"Oct 25, 2011"
India,England,India,95 runs,Kolkata,"Oct 25, 2011"
South Africa,Australia,Australia,3 wickets,Durban,"Oct 28, 2011"
Pakistan,Sri Lanka,Pakistan,8 wickets,Dubai (DSC),"Nov 11, 2011"
Pakistan,Sri Lanka,Sri Lanka,25 runs,Dubai (DSC),"Nov 14, 2011"
Pakistan,Sri Lanka,Pakistan,21 runs,Dubai (DSC),"Nov 18, 2011"
Pakistan,Sri Lanka,Pakistan,26 runs,Sharjah,"Nov 20, 2011"
Pakistan,Sri Lanka,Pakistan,3 wickets,Abu Dhabi,"Nov 23, 2011"
India,West Indies,India,1 wicket,Cuttack,"Nov 29, 2011"
Bangladesh,Pakistan,Pakistan,5 wickets,Dhaka,"Dec 1, 2011"
India,West Indies,India,5 wickets,Visakhapatnam,"Dec 2, 2011"
Bangladesh,Pakistan,Pakistan,76 runs,Dhaka,"Dec 3, 2011"
India,West Indies,West Indies,16 runs,Ahmedabad,"Dec 5, 2011"
Bangladesh,Pakistan,Pakistan,58 runs,Chittagong,"Dec 6, 2011"
India,West Indies,India,153 runs,Indore,"Dec 8, 2011"
India,West Indies,India,34 runs,Chennai,"Dec 11, 2011"
South Africa,Sri Lanka,South Africa,258 runs,Paarl,"Jan 11, 2012"
South Africa,Sri Lanka,South Africa,5 wickets,East London,"Jan 14, 2012"
South Africa,Sri Lanka,South Africa,4 runs,Bloemfontein,"Jan 17, 2012"
South Africa,Sri Lanka,Sri Lanka,5 wickets,Kimberley,"Jan 20, 2012"
South Africa,Sri Lanka,Sri Lanka,2 wickets,Johannesburg,"Jan 22, 2012"
New Zealand,Zimbabwe,New Zealand,90 runs,Dunedin,"Feb 3, 2012"
Australia,India,Australia,65 runs,Melbourne,"Feb 5, 2012"
New Zealand,Zimbabwe,New Zealand,141 runs,Whangarei,"Feb 6, 2012"
India,Sri Lanka,India,4 wickets,Perth,"Feb 8, 2012"
New Zealand,Zimbabwe,New Zealand,202 runs,Napier,"Feb 9, 2012"
Australia,Sri Lanka,Australia,5 runs,Perth,"Feb 10, 2012"
Afghanistan,Pakistan,Pakistan,7 wickets,Sharjah,"Feb 10, 2012"
Australia,India,India,4 wickets,Adelaide,"Feb 12, 2012"
England,Pakistan,England,130 runs,Abu Dhabi,"Feb 13, 2012"
India,Sri Lanka,tied,,Adelaide,"Feb 14, 2012"
England,Pakistan,England,20 runs,Abu Dhabi,"Feb 15, 2012"
Australia,Sri Lanka,Sri Lanka,8 wickets,Sydney,"Feb 17, 2012"
Kenya,Ireland,Kenya,7 wickets,Mombasa,"Feb 18, 2012"
England,Pakistan,England,9 wickets,Dubai (DSC),"Feb 18, 2012"
Australia,India,Australia,110 runs,Brisbane,"Feb 19, 2012"
Kenya,Ireland,Ireland,117 runs,Mombasa,"Feb 20, 2012"
India,Sri Lanka,Sri Lanka,51 runs,Brisbane,"Feb 21, 2012"
England,Pakistan,England,4 wickets,Dubai (DSC),"Feb 21, 2012"
Australia,Sri Lanka,Sri Lanka,3 wickets,Hobart,"Feb 24, 2012"
New Zealand,South Africa,South Africa,6 wickets,Wellington,"Feb 25, 2012"
Australia,India,Australia,87 runs,Sydney,"Feb 26, 2012"
India,Sri Lanka,India,7 wickets,Hobart,"Feb 28, 2012"
New Zealand,South Africa,South Africa,6 wickets,Napier,"Feb 29, 2012"
Australia,Sri Lanka,Sri Lanka,9 runs,Melbourne,"Mar 2, 2012"
New Zealand,South Africa,South Africa,5 wickets,Auckland,"Mar 3, 2012"
Australia,Sri Lanka,Australia,15 runs,Brisbane,"Mar 4, 2012"
Australia,Sri Lanka,Sri Lanka,8 wickets,Adelaide,"Mar 6, 2012"
Australia,Sri Lanka,Australia,16 runs,Adelaide,"Mar 8, 2012"
Bangladesh,Pakistan,Pakistan,21 runs,Dhaka,"Mar 11, 2012"
India,Sri Lanka,India,50 runs,Dhaka,"Mar 13, 2012"
Pakistan,Sri Lanka,Pakistan,6 wickets,Dhaka,"Mar 15, 2012"
Bangladesh,India,Bangladesh,5 wickets,Dhaka,"Mar 16, 2012"
West Indies,Australia,Australia,64 runs,Kingstown,"Mar 16, 2012"
India,Pakistan,India,6 wickets,Dhaka,"Mar 18, 2012"
West Indies,Australia,West Indies,5 wickets,Kingstown,"Mar 18, 2012"
Bangladesh,Sri Lanka,Bangladesh,5 wickets,Dhaka,"Mar 20, 2012"
West Indies,Australia,tied,,Kingstown,"Mar 20, 2012"
Bangladesh,Pakistan,Pakistan,2 runs,Dhaka,"Mar 22, 2012"
West Indies,Australia,West Indies,42 runs,Gros Islet,"Mar 23, 2012"
West Indies,Australia,Australia,30 runs,Gros Islet,"Mar 25, 2012"
Afghanistan,Netherlands,Netherlands,9 wickets,Sharjah,"Mar 29, 2012"
Afghanistan,Netherlands,Afghanistan,5 wickets,Sharjah,"Mar 31, 2012"
Sri Lanka,Pakistan,Pakistan,6 wickets,Pallekele,"Jun 7, 2012"
Sri Lanka,Pakistan,Sri Lanka,76 runs,Pallekele,"Jun 9, 2012"
Sri Lanka,Pakistan,no result,,Colombo (RPS),"Jun 13, 2012"
Sri Lanka,Pakistan,Sri Lanka,44 runs,Colombo (RPS),"Jun 16, 2012"
England,West Indies,England,114 runs,Southampton,"Jun 16, 2012"
Sri Lanka,Pakistan,Sri Lanka,2 wickets,Colombo (RPS),"Jun 18, 2012"
England,West Indies,England,8 wickets,The Oval,"Jun 19, 2012"
Ireland,Australia,no result,,Belfast,"Jun 23, 2012"
England,Australia,England,15 runs,Lord's,"Jun 29, 2012"
England,Australia,England,6 wickets,The Oval,"Jul 1, 2012"
Ireland,Afghanistan,Ireland,59 runs,Dublin,"Jul 5, 2012"
West Indies,New Zealand,West Indies,9 wickets,Kingston,"Jul 5, 2012"
England,Australia,England,8 wickets,Chester-le-Street,"Jul 7, 2012"
West Indies,New Zealand,West Indies,55 runs,Kingston,"Jul 7, 2012"
England,Australia,England,7 wickets,Manchester,"Jul 10, 2012"
Scotland,Canada,Scotland,4 wickets,Ayr,"Jul 11-12, 2012"
West Indies,New Zealand,New Zealand,88 runs,Basseterre,"Jul 11, 2012"
West Indies,New Zealand,West Indies,24 runs,Basseterre,"Jul 14, 2012"
West Indies,New Zealand,West Indies,20 runs,Basseterre,"Jul 16, 2012"
Sri Lanka,India,India,21 runs,Hambantota,"Jul 21, 2012"
Sri Lanka,India,Sri Lanka,9 wickets,Hambantota,"Jul 24, 2012"
Sri Lanka,India,India,5 wickets,Colombo (RPS),"Jul 28, 2012"
Sri Lanka,India,India,6 wickets,Colombo (RPS),"Jul 31, 2012"
Sri Lanka,India,India,20 runs,Pallekele,"Aug 4, 2012"
England,South Africa,no result,,Cardiff,"Aug 24, 2012"
Afghanistan,Australia,Australia,66 runs,Sharjah,"Aug 25, 2012"
England,South Africa,South Africa,80 runs,Southampton,"Aug 28, 2012"
Australia,Pakistan,Australia,4 wickets,Sharjah,"Aug 28, 2012"
England,South Africa,England,4 wickets,The Oval,"Aug 31, 2012"
Australia,Pakistan,Pakistan,7 wickets,Abu Dhabi,"Aug 31, 2012"
England,South Africa,England,6 wickets,Lord's,"Sep 2, 2012"
Australia,Pakistan,Australia,3 wickets,Sharjah,"Sep 3, 2012"
England,South Africa,South Africa,7 wickets,Nottingham,"Sep 5, 2012"
Sri Lanka,New Zealand,Sri Lanka,14 runs,Pallekele,"Nov 4, 2012"
Sri Lanka,New Zealand,Sri Lanka,7 wickets,Pallekele,"Nov 6, 2012"
Sri Lanka,New Zealand,Sri Lanka,7 wickets,Hambantota,"Nov 10, 2012"
Sri Lanka,New Zealand,no result,,Hambantota,"Nov 12, 2012"
Bangladesh,West Indies,Bangladesh,7 wickets,Khulna,"Nov 30, 2012"
Bangladesh,West Indies,Bangladesh,160 runs,Khulna,"Dec 2, 2012"
Bangladesh,West Indies,West Indies,4 wickets,Dhaka,"Dec 5, 2012"
Bangladesh,West Indies,West Indies,75 runs,Dhaka,"Dec 7, 2012"
Bangladesh,West Indies,Bangladesh,2 wickets,Dhaka,"Dec 8, 2012"
India,Pakistan,Pakistan,6 wickets,Chennai,"Dec 30, 2012"
India,Pakistan,Pakistan,85 runs,Kolkata,"Jan 3, 2013"
India,Pakistan,India,10 runs,Delhi,"Jan 6, 2013"
Australia,Sri Lanka,Australia,107 runs,Melbourne,"Jan 11, 2013"
India,England,England,9 runs,Rajkot,"Jan 11, 2013"
Australia,Sri Lanka,Sri Lanka,8 wickets,Adelaide,"Jan 13, 2013"
India,England,India,127 runs,Kochi,"Jan 15, 2013"
Australia,Sri Lanka,Sri Lanka,4 wickets,Brisbane,"Jan 18, 2013"
India,England,India,7 wickets,Ranchi,"Jan 19, 2013"
South Africa,New Zealand,New Zealand,1 wicket,Paarl,"Jan 19, 2013"
Australia,Sri Lanka,no result,,Sydney,"Jan 20, 2013"
South Africa,New Zealand,New Zealand,27 runs,Kimberley,"Jan 22, 2013"
Australia,Sri Lanka,Australia,32 runs,Hobart,"Jan 23, 2013"
India,England,India,5 wickets,Mohali,"Jan 23, 2013"
South Africa,New Zealand,South Africa,1 wicket,Potchefstroom,"Jan 25, 2013"
India,England,England,7 wickets,Dharamsala,"Jan 27, 2013"
Australia,West Indies,Australia,9 wickets,Perth,"Feb 1, 2013"
Australia,West Indies,Australia,54 runs,Perth,"Feb 3, 2013"
Australia,West Indies,Australia,39 runs,Canberra,"Feb 6, 2013"
Australia,West Indies,Australia,5 wickets,Sydney,"Feb 8, 2013"
Australia,West Indies,Australia,17 runs,Melbourne,"Feb 10, 2013"
New Zealand,England,New Zealand,3 wickets,Hamilton,"Feb 17, 2013"
New Zealand,England,England,8 wickets,Napier,"Feb 20, 2013"
West Indies,Zimbabwe,West Indies,156 runs,St George's,"Feb 22, 2013"
New Zealand,England,England,5 wickets,Auckland,"Feb 23, 2013"
West Indies,Zimbabwe,West Indies,7 wickets,St George's,"Feb 24, 2013"
West Indies,Zimbabwe,West Indies,5 wickets,St George's,"Feb 26, 2013"
Afghanistan,Scotland,Afghanistan,7 wickets,Sharjah,"Mar 6, 2013"
Afghanistan,Scotland,Afghanistan,5 wickets,Sharjah,"Mar 8, 2013"
South Africa,Pakistan,South Africa,125 runs,Bloemfontein,"Mar 10, 2013"
Canada,Kenya,Kenya,6 wickets,ICCA Dubai,"Mar 11, 2013"
Canada,Kenya,Kenya,6 wickets,ICCA Dubai,"Mar 13, 2013"
South Africa,Pakistan,Pakistan,6 wickets,Centurion,"Mar 15, 2013"
South Africa,Pakistan,South Africa,34 runs,Johannesburg,"Mar 17, 2013"
South Africa,Pakistan,Pakistan,3 wickets,Durban,"Mar 21, 2013"
Sri Lanka,Bangladesh,Sri Lanka,8 wickets,Hambantota,"Mar 23, 2013"
South Africa,Pakistan,South Africa,6 wickets,Benoni,"Mar 24, 2013"
Sri Lanka,Bangladesh,no result,,Hambantota,"Mar 25, 2013"
Sri Lanka,Bangladesh,Bangladesh,3 wickets,Pallekele,"Mar 28, 2013"
Zimbabwe,Bangladesh,Bangladesh,121 runs,Bulawayo,"May 3, 2013"
Zimbabwe,Bangladesh,Zimbabwe,6 wickets,Bulawayo,"May 5, 2013"
Zimbabwe,Bangladesh,Zimbabwe,7 wickets,Bulawayo,"May 8, 2013"
Scotland,Pakistan,Pakistan,96 runs,Edinburgh,"May 17, 2013"
Ireland,Pakistan,tied,,Dublin,"May 23, 2013"
Ireland,Pakistan,Pakistan,2 wickets,Dublin,"May 26, 2013"
Netherlands,South Africa,South Africa,83 runs,Amstelveen,"May 31, 2013"
England,New Zealand,New Zealand,5 wickets,Lord's,"May 31, 2013"
England,New Zealand,New Zealand,86 runs,Southampton,"Jun 2, 2013"
England,New Zealand,England,34 runs,Nottingham,"Jun 5, 2013"
India,South Africa,India,26 runs,Cardiff,"Jun 6, 2013"
Pakistan,West Indies,West Indies,2 wickets,The Oval,"Jun 7, 2013"
England,Australia,England,48 runs,Birmingham,"Jun 8, 2013"
New Zealand,Sri Lanka,New Zealand,1 wicket,Cardiff,"Jun 9, 2013"
Pakistan,South Africa,South Africa,67 runs,Birmingham,"Jun 10, 2013"
India,West Indies,India,8 wickets,The Oval,"Jun 11, 2013"
Australia,New Zealand,no result,,Birmingham,"Jun 12, 2013"
England,Sri Lanka,Sri Lanka,7 wickets,The Oval,"Jun 13, 2013"
South Africa,West Indies,tied,,Cardiff,"Jun 14, 2013"
India,Pakistan,India,8 wickets,Birmingham,"Jun 15, 2013"
England,New Zealand,England,10 runs,Cardiff,"Jun 16, 2013"
Australia,Sri Lanka,Sri Lanka,20 runs,The Oval,"Jun 17, 2013"
England,South Africa,England,7 wickets,The Oval,"Jun 19, 2013"
India,Sri Lanka,India,8 wickets,Cardiff,"Jun 20, 2013"
England,India,India,5 runs,Birmingham,"Jun 23, 2013"
West Indies,Sri Lanka,West Indies,6 wickets,Kingston,"Jun 28, 2013"
Scotland,Kenya,Scotland,12 runs,Aberdeen,"Jun 30, 2013"
West Indies,India,West Indies,1 wicket,Kingston,"Jun 30, 2013"
Scotland,Kenya,Scotland,4 wickets,Aberdeen,"Jul 2-3, 2013"
India,Sri Lanka,Sri Lanka,161 runs,Kingston,"Jul 2, 2013"
West Indies,India,India,102 runs,Port of Spain,"Jul 5, 2013"
Netherlands,Ireland,Ireland,88 runs,Amstelveen,"Jul 7, 2013"
West Indies,Sri Lanka,Sri Lanka,39 runs,Port of Spain,"Jul 7-8, 2013"
Netherlands,Ireland,tied,,Amstelveen,"Jul 9, 2013"
India,Sri Lanka,India,81 runs,Port of Spain,"Jul 9, 2013"
India,Sri Lanka,India,1 wicket,Port of Spain,"Jul 11, 2013"
West Indies,Pakistan,Pakistan,126 runs,Providence,"Jul 14, 2013"
West Indies,Pakistan,West Indies,37 runs,Providence,"Jul 16, 2013"
West Indies,Pakistan,tied,,Gros Islet,"Jul 19, 2013"
Sri Lanka,South Africa,Sri Lanka,180 runs,Colombo (RPS),"Jul 20, 2013"
West Indies,Pakistan,Pakistan,6 wickets,Gros Islet,"Jul 21, 2013"
Sri Lanka,South Africa,Sri Lanka,17 runs,Colombo (RPS),"Jul 23, 2013"
Zimbabwe,India,India,6 wickets,Harare,"Jul 24, 2013"
West Indies,Pakistan,Pakistan,4 wickets,Gros Islet,"Jul 24, 2013"
Zimbabwe,India,India,58 runs,Harare,"Jul 26, 2013"
Sri Lanka,South Africa,South Africa,56 runs,Pallekele,"Jul 26, 2013"
Zimbabwe,India,India,7 wickets,Harare,"Jul 28, 2013"
Sri Lanka,South Africa,Sri Lanka,8 wickets,Pallekele,"Jul 28, 2013"
Sri Lanka,South Africa,Sri Lanka,128 runs,Colombo (RPS),"Jul 31, 2013"
Zimbabwe,India,India,9 wickets,Bulawayo,"Aug 1, 2013"
Zimbabwe,India,India,7 wickets,Bulawayo,"Aug 3, 2013"
Zimbabwe,Pakistan,Zimbabwe,7 wickets,Harare,"Aug 27, 2013"
Canada,Netherlands,no result,,King City (NW),"Aug 27-28, 2013"
Zimbabwe,Pakistan,Pakistan,90 runs,Harare,"Aug 29, 2013"
Canada,Netherlands,Netherlands,9 wickets,King City (NW),"Aug 29, 2013"
Zimbabwe,Pakistan,Pakistan,108 runs,Harare,"Aug 31, 2013"
Ireland,England,England,6 wickets,Dublin (Malahide),"Sep 3, 2013"
Scotland,Australia,Australia,200 runs,Edinburgh,"Sep 3, 2013"
Ireland,Scotland,Ireland,1 wicket,Belfast,"Sep 6, 2013"
England,Australia,Australia,88 runs,Manchester,"Sep 8, 2013"
Ireland,Scotland,Ireland,7 wickets,Belfast,"Sep 8, 2013"
England,Australia,no result,,Birmingham,"Sep 11, 2013"
England,Australia,England,3 wickets,Cardiff,"Sep 14, 2013"
England,Australia,Australia,49 runs,Southampton,"Sep 16, 2013"
Afghanistan,Kenya,Afghanistan,8 wickets,Sharjah,"Oct 2, 2013"
Afghanistan,Kenya,Afghanistan,7 wickets,Sharjah,"Oct 4, 2013"
India,Australia,Australia,72 runs,Pune,"Oct 13, 2013"
India,Australia,India,9 wickets,Jaipur,"Oct 16, 2013"
India,Australia,Australia,4 wickets,Mohali,"Oct 19, 2013"
India,Australia,no result,,Ranchi,"Oct 23, 2013"
Bangladesh,New Zealand,Bangladesh,43 runs,Dhaka,"Oct 29, 2013"
India,Australia,India,6 wickets,Nagpur,"Oct 30, 2013"
Pakistan,South Africa,South Africa,1 run,Sharjah,"Oct 30, 2013"
Bangladesh,New Zealand,Bangladesh,40 runs,Dhaka,"Oct 31, 2013"
Pakistan,South Africa,Pakistan,66 runs,Dubai (DSC),"Nov 1, 2013"
India,Australia,India,57 runs,Bengaluru,"Nov 2, 2013"
Bangladesh,New Zealand,Bangladesh,4 wickets,Fatullah,"Nov 3, 2013"
Pakistan,South Africa,South Africa,68 runs,Abu Dhabi,"Nov 6, 2013"
Pakistan,South Africa,South Africa,28 runs,Abu Dhabi,"Nov 8, 2013"
Sri Lanka,New Zealand,no result,,Hambantota,"Nov 10, 2013"
Pakistan,South Africa,South Africa,117 runs,Sharjah,"Nov 11, 2013"
Sri Lanka,New Zealand,New Zealand,4 wickets,Hambantota,"Nov 12, 2013"
Sri Lanka,New Zealand,Sri Lanka,36 runs,Dambulla,"Nov 16, 2013"
India,West Indies,India,6 wickets,Kochi,"Nov 21, 2013"
India,West Indies,West Indies,2 wickets,Visakhapatnam,"Nov 24, 2013"
South Africa,Pakistan,Pakistan,23 runs,Cape Town,"Nov 24, 2013"
India,West Indies,India,5 wickets,Kanpur,"Nov 27, 2013"
South Africa,Pakistan,Pakistan,1 run,Port Elizabeth,"Nov 27, 2013"
South Africa,Pakistan,South Africa,4 wickets,Centurion,"Nov 30, 2013"
South Africa,India,South Africa,141 runs,Johannesburg,"Dec 5, 2013"
South Africa,India,South Africa,134 runs,Durban,"Dec 8, 2013"
South Africa,India,no result,,Centurion,"Dec 11, 2013"
Pakistan,Sri Lanka,Pakistan,11 runs,Sharjah,"Dec 18, 2013"
Pakistan,Sri Lanka,Sri Lanka,2 wickets,Dubai (DSC),"Dec 20, 2013"
Pakistan,Sri Lanka,Pakistan,113 runs,Sharjah,"Dec 22, 2013"
Pakistan,Sri Lanka,Pakistan,8 wickets,Abu Dhabi,"Dec 25, 2013"
New Zealand,West Indies,West Indies,2 wickets,Auckland,"Dec 26, 2013"
Pakistan,Sri Lanka,Sri Lanka,2 wickets,Abu Dhabi,"Dec 27, 2013"
New Zealand,West Indies,New Zealand,159 runs,Queenstown,"Jan 1, 2014"
New Zealand,West Indies,New Zealand,58 runs,Nelson,"Jan 4, 2014"
New Zealand,West Indies,West Indies,203 runs,Hamilton,"Jan 8, 2014"
Australia,England,Australia,6 wickets,Melbourne,"Jan 12, 2014"
Australia,England,Australia,1 wicket,Brisbane,"Jan 17, 2014"
New Zealand,India,New Zealand,24 runs,Napier,"Jan 19, 2014"
Australia,England,Australia,7 wickets,Sydney,"Jan 19, 2014"
New Zealand,India,New Zealand,15 runs,Hamilton,"Jan 22, 2014"
Canada,Scotland,Scotland,170 runs,Christchurch,"Jan 23, 2014"
Kenya,Netherlands,Kenya,4 wickets,Lincoln,"Jan 23, 2014"
Australia,England,England,57 runs,Perth,"Jan 24, 2014"
New Zealand,India,tied,,Auckland,"Jan 25, 2014"
Australia,England,Australia,5 runs,Adelaide,"Jan 26, 2014"
Canada,Netherlands,Netherlands,8 wickets,Mount Maunganui,"Jan 28, 2014"
New Zealand,India,New Zealand,7 wickets,Hamilton,"Jan 28, 2014"
Kenya,Scotland,Scotland,3 wickets,Christchurch,"Jan 30, 2014"
New Zealand,India,New Zealand,87 runs,Wellington,"Jan 31, 2014"
Scotland,U.A.E.,Scotland,41 runs,Lincoln,"Feb 1, 2014"
Bangladesh,Sri Lanka,Sri Lanka,13 runs,Dhaka,"Feb 17, 2014"
Bangladesh,Sri Lanka,Sri Lanka,61 runs,Dhaka,"Feb 20, 2014"
Bangladesh,Sri Lanka,Sri Lanka,6 wickets,Dhaka,"Feb 22, 2014"
West Indies,Ireland,West Indies,4 wickets,Kingston,"Feb 23, 2014"
Pakistan,Sri Lanka,Sri Lanka,12 runs,Fatullah,"Feb 25, 2014"
Bangladesh,India,India,6 wickets,Fatullah,"Feb 26, 2014"
Afghanistan,Pakistan,Pakistan,72 runs,Fatullah,"Feb 27, 2014"
India,Sri Lanka,Sri Lanka,2 wickets,Fatullah,"Feb 28, 2014"
West Indies,England,West Indies,15 runs,North Sound,"Feb 28, 2014"
Bangladesh,Afghanistan,Afghanistan,32 runs,Fatullah,"Mar 1, 2014"
India,Pakistan,Pakistan,1 wicket,Dhaka,"Mar 2, 2014"
West Indies,England,England,3 wickets,North Sound,"Mar 2, 2014"
Afghanistan,Sri Lanka,Sri Lanka,129 runs,Dhaka,"Mar 3, 2014"
Bangladesh,Pakistan,Pakistan,3 wickets,Dhaka,"Mar 4, 2014"
Afghanistan,India,India,8 wickets,Dhaka,"Mar 5, 2014"
West Indies,England,England,25 runs,North Sound,"Mar 5, 2014"
Bangladesh,Sri Lanka,Sri Lanka,3 wickets,Dhaka,"Mar 6, 2014"
Pakistan,Sri Lanka,Sri Lanka,5 wickets,Dhaka,"Mar 8, 2014"
Afghanistan,Hong Kong,Afghanistan,6 wickets,Kuala Lumpur,"May 1, 2014"
Afghanistan,U.A.E.,Afghanistan,70 runs,Kuala Lumpur,"May 2, 2014"
Hong Kong,U.A.E.,U.A.E.,2 wickets,Kuala Lumpur,"May 4, 2014"
Ireland,Sri Lanka,Sri Lanka,79 runs,Dublin,"May 6, 2014"
Scotland,England,England,39 runs,Aberdeen,"May 9, 2014"
England,Sri Lanka,England,81 runs,The Oval,"May 22, 2014"
England,Sri Lanka,Sri Lanka,157 runs,Chester-le-Street,"May 25, 2014"
England,Sri Lanka,England,10 wickets,Manchester,"May 28, 2014"
England,Sri Lanka,Sri Lanka,7 runs,Lord's,"May 31, 2014"
England,Sri Lanka,Sri Lanka,6 wickets,Birmingham,"Jun 3, 2014"
Bangladesh,India,India,7 wickets,Dhaka,"Jun 15, 2014"
Bangladesh,India,India,47 runs,Dhaka,"Jun 17, 2014"
Bangladesh,India,no result,,Dhaka,"Jun 19, 2014"
Sri Lanka,South Africa,South Africa,75 runs,Colombo (RPS),"Jul 6, 2014"
Sri Lanka,South Africa,Sri Lanka,87 runs,Pallekele,"Jul 9, 2014"
Sri Lanka,South Africa,South Africa,82 runs,Hambantota,"Jul 12, 2014"
Zimbabwe,Afghanistan,Zimbabwe,6 wickets,Bulawayo,"Jul 18, 2014"
Zimbabwe,Afghanistan,Zimbabwe,8 wickets,Bulawayo,"Jul 20, 2014"
Zimbabwe,Afghanistan,Afghanistan,2 wickets,Bulawayo,"Jul 22, 2014"
Zimbabwe,Afghanistan,Afghanistan,100 runs,Bulawayo,"Jul 24, 2014"
Zimbabwe,South Africa,South Africa,93 runs,Bulawayo,"Aug 17, 2014"
Zimbabwe,South Africa,South Africa,61 runs,Bulawayo,"Aug 19, 2014"
West Indies,Bangladesh,West Indies,3 wickets,St George's,"Aug 20, 2014"
Zimbabwe,South Africa,South Africa,7 wickets,Bulawayo,"Aug 21, 2014"
West Indies,Bangladesh,West Indies,177 runs,St George's,"Aug 22, 2014"
Sri Lanka,Pakistan,Pakistan,4 wickets,Hambantota,"Aug 23, 2014"
Zimbabwe,Australia,Australia,198 runs,Harare,"Aug 25, 2014"
West Indies,Bangladesh,West Indies,91 runs,Basseterre,"Aug 25, 2014"
Sri Lanka,Pakistan,Sri Lanka,77 runs,Hambantota,"Aug 26, 2014"
Australia,South Africa,South Africa,7 wickets,Harare,"Aug 27, 2014"
England,India,India,133 runs,Cardiff,"Aug 27, 2014"
Zimbabwe,South Africa,South Africa,61 runs,Harare,"Aug 29, 2014"
Sri Lanka,Pakistan,Sri Lanka,7 wickets,Dambulla,"Aug 30, 2014"
England,India,India,6 wickets,Nottingham,"Aug 30, 2014"
Zimbabwe,Australia,Zimbabwe,3 wickets,Harare,"Aug 31, 2014"
Australia,South Africa,Australia,62 runs,Harare,"Sep 2, 2014"
England,India,India,9 wickets,Birmingham,"Sep 2, 2014"
Zimbabwe,South Africa,South Africa,63 runs,Harare,"Sep 4, 2014"
England,India,England,41 runs,Leeds,"Sep 5, 2014"
Australia,South Africa,South Africa,6 wickets,Harare,"Sep 6, 2014"
Ireland,Scotland,Ireland,7 wickets,Dublin (Malahide),"Sep 8, 2014"
Ireland,Scotland,Ireland,3 wickets,Dublin (Malahide),"Sep 10, 2014"
Ireland,Scotland,Scotland,8 wickets,Dublin (Malahide),"Sep 12, 2014"
Australia,Pakistan,Australia,93 runs,Sharjah,"Oct 7, 2014"
India,West Indies,West Indies,124 runs,Kochi,"Oct 8, 2014"
Australia,Pakistan,Australia,5 wickets,Dubai (DSC),"Oct 10, 2014"
India,West Indies,India,48 runs,Delhi,"Oct 11, 2014"
Australia,Pakistan,Australia,1 run,Abu Dhabi,"Oct 12, 2014"
India,West Indies,India,59 runs,Dharamsala,"Oct 17, 2014"
New Zealand,South Africa,South Africa,6 wickets,Mount Maunganui,"Oct 21, 2014"
New Zealand,South Africa,South Africa,72 runs,Mount Maunganui,"Oct 24, 2014"
New Zealand,South Africa,no result,,Hamilton,"Oct 27, 2014"
India,Sri Lanka,India,169 runs,Cuttack,"Nov 2, 2014"
India,Sri Lanka,India,6 wickets,Ahmedabad,"Nov 6, 2014"
Hong Kong,P.N.G.,P.N.G.,4 wickets,Townsville,"Nov 8, 2014"
Hong Kong,P.N.G.,P.N.G.,3 wickets,Townsville,"Nov 9, 2014"
India,Sri Lanka,India,6 wickets,Hyderabad (Deccan),"Nov 9, 2014"
India,Sri Lanka,India,153 runs,Kolkata,"Nov 13, 2014"
Australia,South Africa,Australia,32 runs,Perth,"Nov 14, 2014"
Australia,South Africa,South Africa,3 wickets,Perth,"Nov 16, 2014"
India,Sri Lanka,India,3 wickets,Ranchi,"Nov 16, 2014"
Australia,South Africa,Australia,73 runs,Canberra,"Nov 19, 2014"
Australia,South Africa,Australia,3 wickets,Melbourne,"Nov 21, 2014"
Bangladesh,Zimbabwe,Bangladesh,87 runs,Chittagong,"Nov 21, 2014"
Australia,South Africa,Australia,2 wickets,Sydney,"Nov 23, 2014"
Bangladesh,Zimbabwe,Bangladesh,68 runs,Chittagong,"Nov 23, 2014"
Bangladesh,Zimbabwe,Bangladesh,124 runs,Dhaka,"Nov 26, 2014"
Sri Lanka,England,Sri Lanka,25 runs,Colombo (RPS),"Nov 26, 2014"
Bangladesh,Zimbabwe,Bangladesh,21 runs,Dhaka,"Nov 28, 2014"
U.A.E.,Afghanistan,U.A.E.,5 wickets,ICCA Dubai,"Nov 28, 2014"
Sri Lanka,England,Sri Lanka,8 wickets,Colombo (RPS),"Nov 29, 2014"
U.A.E.,Afghanistan,U.A.E.,6 wickets,ICCA Dubai,"Nov 30, 2014"
Bangladesh,Zimbabwe,Bangladesh,5 wickets,Dhaka,"Dec 1, 2014"
U.A.E.,Afghanistan,Afghanistan,2 wickets,ICCA Dubai,"Dec 2, 2014"
Sri Lanka,England,England,5 wickets,Hambantota,"Dec 3, 2014"
U.A.E.,Afghanistan,U.A.E.,30 runs,ICCA Dubai,"Dec 4, 2014"
Sri Lanka,England,Sri Lanka,6 wickets,Colombo (RPS),"Dec 7, 2014"
New Zealand,Pakistan,Pakistan,3 wickets,Dubai (DSC),"Dec 8, 2014"
Sri Lanka,England,England,5 wickets,Pallekele,"Dec 10-11, 2014"
New Zealand,Pakistan,New Zealand,4 wickets,Sharjah,"Dec 12, 2014"
Sri Lanka,England,Sri Lanka,90 runs,Pallekele,"Dec 13, 2014"
New Zealand,Pakistan,Pakistan,147 runs,Sharjah,"Dec 14, 2014"
Sri Lanka,England,Sri Lanka,87 runs,Colombo (RPS),"Dec 16, 2014"
New Zealand,Pakistan,New Zealand,7 runs,Abu Dhabi,"Dec 17, 2014"
New Zealand,Pakistan,New Zealand,68 runs,Abu Dhabi,"Dec 19, 2014"
Afghanistan,Scotland,Afghanistan,8 wickets,ICCA Dubai,"Jan 8, 2015"
Afghanistan,Ireland,Ireland,3 wickets,Dubai (DSC),"Jan 10, 2015"
New Zealand,Sri Lanka,New Zealand,3 wickets,Christchurch,"Jan 11, 2015"
Ireland,Scotland,Ireland,3 wickets,Dubai (DSC),"Jan 12, 2015"
Afghanistan,Scotland,Scotland,150 runs,Abu Dhabi,"Jan 14, 2015"
New Zealand,Sri Lanka,Sri Lanka,6 wickets,Hamilton,"Jan 15, 2015"
Australia,England,Australia,3 wickets,Sydney,"Jan 16, 2015"
South Africa,West Indies,South Africa,61 runs,Durban,"Jan 16, 2015"
New Zealand,Sri Lanka,no result,,Auckland,"Jan 17, 2015"
Afghanistan,Ireland,Afghanistan,71 runs,Dubai (DSC),"Jan 17, 2015"
Australia,India,Australia,4 wickets,Melbourne,"Jan 18, 2015"
South Africa,West Indies,South Africa,148 runs,Johannesburg,"Jan 18, 2015"
Ireland,Scotland,no result,,ICCA Dubai,"Jan 19, 2015"
New Zealand,Sri Lanka,New Zealand,4 wickets,Nelson,"Jan 20, 2015"
England,India,England,9 wickets,Brisbane,"Jan 20, 2015"
South Africa,West Indies,South Africa,9 wickets,East London,"Jan 21, 2015"
New Zealand,Sri Lanka,New Zealand,108 runs,Dunedin,"Jan 23, 2015"
Australia,England,Australia,3 wickets,Hobart,"Jan 23, 2015"
New Zealand,Sri Lanka,New Zealand,120 runs,Dunedin,"Jan 25, 2015"
South Africa,West Indies,West Indies,1 wicket,Port Elizabeth,"Jan 25, 2015"
Australia,India,no result,,Sydney,"Jan 26, 2015"
South Africa,West Indies,South Africa,131 runs,Centurion,"Jan 28, 2015"
New Zealand,Sri Lanka,Sri Lanka,34 runs,Wellington,"Jan 29, 2015"
England,India,England,3 wickets,Perth,"Jan 30, 2015"
New Zealand,Pakistan,New Zealand,7 wickets,Wellington,"Jan 31, 2015"
Australia,England,Australia,112 runs,Perth,"Feb 1, 2015"
New Zealand,Pakistan,New Zealand,119 runs,Napier,"Feb 3, 2015"
New Zealand,Sri Lanka,New Zealand,98 runs,Christchurch,"Feb 14, 2015"
Australia,England,Australia,111 runs,Melbourne,"Feb 14, 2015"
South Africa,Zimbabwe,South Africa,62 runs,Hamilton,"Feb 15, 2015"
India,Pakistan,India,76 runs,Adelaide,"Feb 15, 2015"
Ireland,West Indies,Ireland,4 wickets,Nelson,"Feb 16, 2015"
New Zealand,Scotland,New Zealand,3 wickets,Dunedin,"Feb 17, 2015"
Afghanistan,Bangladesh,Bangladesh,105 runs,Canberra,"Feb 18, 2015"
U.A.E.,Zimbabwe,Zimbabwe,4 wickets,Nelson,"Feb 19, 2015"
New Zealand,England,New Zealand,8 wickets,Wellington,"Feb 20, 2015"
Pakistan,West Indies,West Indies,150 runs,Christchurch,"Feb 21, 2015"
Afghanistan,Sri Lanka,Sri Lanka,4 wickets,Dunedin,"Feb 22, 2015"
India,South Africa,India,130 runs,Melbourne,"Feb 22, 2015"
England,Scotland,England,119 runs,Christchurch,"Feb 23, 2015"
West Indies,Zimbabwe,West Indies,73 runs,Canberra,"Feb 24, 2015"
Ireland,U.A.E.,Ireland,2 wickets,Brisbane,"Feb 25, 2015"
Afghanistan,Scotland,Afghanistan,1 wicket,Dunedin,"Feb 26, 2015"
Bangladesh,Sri Lanka,Sri Lanka,92 runs,Melbourne,"Feb 26, 2015"
South Africa,West Indies,South Africa,257 runs,Sydney,"Feb 27, 2015"
New Zealand,Australia,New Zealand,1 wicket,Auckland,"Feb 28, 2015"
India,U.A.E.,India,9 wickets,Perth,"Feb 28, 2015"
England,Sri Lanka,Sri Lanka,9 wickets,Wellington,"Mar 1, 2015"
Pakistan,Zimbabwe,Pakistan,20 runs,Brisbane,"Mar 1, 2015"
Ireland,South Africa,South Africa,201 runs,Canberra,"Mar 3, 2015"
Pakistan,U.A.E.,Pakistan,129 runs,Napier,"Mar 4, 2015"
Australia,Afghanistan,Australia,275 runs,Perth,"Mar 4, 2015"
Bangladesh,Scotland,Bangladesh,6 wickets,Nelson,"Mar 5, 2015"
India,West Indies,India,4 wickets,Perth,"Mar 6, 2015"
Pakistan,South Africa,Pakistan,29 runs,Auckland,"Mar 7, 2015"
Ireland,Zimbabwe,Ireland,5 runs,Hobart,"Mar 7, 2015"
New Zealand,Afghanistan,New Zealand,6 wickets,Napier,"Mar 8, 2015"
Australia,Sri Lanka,Australia,64 runs,Sydney,"Mar 8, 2015"
Bangladesh,England,Bangladesh,15 runs,Adelaide,"Mar 9, 2015"
India,Ireland,India,8 wickets,Hamilton,"Mar 10, 2015"
Scotland,Sri Lanka,Sri Lanka,148 runs,Hobart,"Mar 11, 2015"
South Africa,U.A.E.,South Africa,146 runs,Wellington,"Mar 12, 2015"
New Zealand,Bangladesh,New Zealand,3 wickets,Hamilton,"Mar 13, 2015"
Afghanistan,England,England,9 wickets,Sydney,"Mar 13, 2015"
India,Zimbabwe,India,6 wickets,Auckland,"Mar 14, 2015"
Australia,Scotland,Australia,7 wickets,Hobart,"Mar 14, 2015"
U.A.E.,West Indies,West Indies,6 wickets,Napier,"Mar 15, 2015"
Ireland,Pakistan,Pakistan,7 wickets,Adelaide,"Mar 15, 2015"
South Africa,Sri Lanka,South Africa,9 wickets,Sydney,"Mar 18, 2015"
Bangladesh,India,India,109 runs,Melbourne,"Mar 19, 2015"
Australia,Pakistan,Australia,6 wickets,Adelaide,"Mar 20, 2015"
New Zealand,West Indies,New Zealand,143 runs,Wellington,"Mar 21, 2015"
New Zealand,South Africa,New Zealand,4 wickets,Auckland,"Mar 24, 2015"
Australia,India,Australia,95 runs,Sydney,"Mar 26, 2015"
Australia,New Zealand,Australia,7 wickets,Melbourne,"Mar 29, 2015"
Bangladesh,Pakistan,Bangladesh,79 runs,Dhaka,"Apr 17, 2015"
Bangladesh,Pakistan,Bangladesh,7 wickets,Dhaka,"Apr 19, 2015"
Bangladesh,Pakistan,Bangladesh,8 wickets,Dhaka,"Apr 22, 2015"
Ireland,England,no result,,Dublin (Malahide),"May 8, 2015"
Pakistan,Zimbabwe,Pakistan,41 runs,Lahore,"May 26, 2015"
Pakistan,Zimbabwe,Pakistan,6 wickets,Lahore,"May 29, 2015"
Pakistan,Zimbabwe,no result,,Lahore,"May 31, 2015"
England,New Zealand,England,210 runs,Birmingham,"Jun 9, 2015"
England,New Zealand,New Zealand,13 runs,The Oval,"Jun 12, 2015"
England,New Zealand,New Zealand,3 wickets,Southampton,"Jun 14, 2015"
England,New Zealand,England,7 wickets,Nottingham,"Jun 17, 2015"
Bangladesh,India,Bangladesh,79 runs,Dhaka,"Jun 18, 2015"
England,New Zealand,England,3 wickets,Chester-le-Street,"Jun 20, 2015"
Bangladesh,India,Bangladesh,6 wickets,Dhaka,"Jun 21, 2015"
Bangladesh,India,India,77 runs,Dhaka,"Jun 24, 2015"
Zimbabwe,India,India,4 runs,Harare,"Jul 10, 2015"
Bangladesh,South Africa,South Africa,8 wickets,Dhaka,"Jul 10, 2015"
Sri Lanka,Pakistan,Pakistan,6 wickets,Dambulla,"Jul 11, 2015"
Zimbabwe,India,India,62 runs,Harare,"Jul 12, 2015"
Bangladesh,South Africa,Bangladesh,7 wickets,Dhaka,"Jul 12, 2015"
Zimbabwe,India,India,83 runs,Harare,"Jul 14, 2015"
Bangladesh,South Africa,Bangladesh,9 wickets,Chittagong,"Jul 15, 2015"
Sri Lanka,Pakistan,Sri Lanka,2 wickets,Pallekele,"Jul 15, 2015"
Sri Lanka,Pakistan,Pakistan,135 runs,Colombo (RPS),"Jul 19, 2015"
Sri Lanka,Pakistan,Pakistan,7 wickets,Colombo (RPS),"Jul 22, 2015"
Sri Lanka,Pakistan,Sri Lanka,165 runs,Hambantota,"Jul 26, 2015"
Zimbabwe,New Zealand,Zimbabwe,7 wickets,Harare,"Aug 2, 2015"
Zimbabwe,New Zealand,New Zealand,10 wickets,Harare,"Aug 4, 2015"
Zimbabwe,New Zealand,New Zealand,38 runs,Harare,"Aug 7, 2015"
South Africa,New Zealand,South Africa,20 runs,Centurion,"Aug 19, 2015"
South Africa,New Zealand,New Zealand,8 wickets,Potchefstroom,"Aug 23, 2015"
South Africa,New Zealand,South Africa,62 runs,Durban,"Aug 26, 2015"
Ireland,Australia,Australia,23 runs,Belfast,"Aug 27, 2015"
England,Australia,Australia,59 runs,Southampton,"Sep 3, 2015"
England,Australia,Australia,64 runs,Lord's,"Sep 5, 2015"
England,Australia,England,93 runs,Manchester,"Sep 8, 2015"
England,Australia,England,3 wickets,Leeds,"Sep 11, 2015"
England,Australia,Australia,8 wickets,Manchester,"Sep 13, 2015"
Zimbabwe,Pakistan,Pakistan,131 runs,Harare,"Oct 1, 2015"
Zimbabwe,Pakistan,Zimbabwe,5 runs,Harare,"Oct 3, 2015"
Zimbabwe,Pakistan,Pakistan,7 wickets,Harare,"Oct 5, 2015"
Zimbabwe,Ireland,Zimbabwe,2 wickets,Harare,"Oct 9, 2015"
India,South Africa,South Africa,5 runs,Kanpur,"Oct 11, 2015"
Zimbabwe,Ireland,Zimbabwe,5 wickets,Harare,"Oct 11, 2015"
Zimbabwe,Ireland,Ireland,2 wickets,Harare,"Oct 13, 2015"
India,South Africa,India,22 runs,Indore,"Oct 14, 2015"
Zimbabwe,Afghanistan,Zimbabwe,8 wickets,Bulawayo,"Oct 16, 2015"
Zimbabwe,Afghanistan,Afghanistan,58 runs,Bulawayo,"Oct 18, 2015"
India,South Africa,South Africa,18 runs,Rajkot,"Oct 18, 2015"
Zimbabwe,Afghanistan,Zimbabwe,6 wickets,Bulawayo,"Oct 20, 2015"
Zimbabwe,Afghanistan,Afghanistan,3 wickets,Bulawayo,"Oct 22, 2015"
India,South Africa,India,35 runs,Chennai,"Oct 22, 2015"
Zimbabwe,Afghanistan,Afghanistan,73 runs,Bulawayo,"Oct 24, 2015"
India,South Africa,South Africa,214 runs,Mumbai,"Oct 25, 2015"
Sri Lanka,West Indies,Sri Lanka,1 wicket,Colombo (RPS),"Nov 1, 2015"
Sri Lanka,West Indies,Sri Lanka,8 wickets,Colombo (RPS),"Nov 4, 2015"
Bangladesh,Zimbabwe,Bangladesh,145 runs,Dhaka,"Nov 7, 2015"
Sri Lanka,West Indies,Sri Lanka,19 runs,Pallekele,"Nov 7, 2015"
Bangladesh,Zimbabwe,Bangladesh,58 runs,Dhaka,"Nov 9, 2015"
Bangladesh,Zimbabwe,Bangladesh,61 runs,Dhaka,"Nov 11, 2015"
England,Pakistan,Pakistan,6 wickets,Abu Dhabi,"Nov 11, 2015"
England,Pakistan,England,95 runs,Abu Dhabi,"Nov 13, 2015"
U.A.E.,Hong Kong,Hong Kong,89 runs,ICCA Dubai,"Nov 16, 2015"
England,Pakistan,England,6 wickets,Sharjah,"Nov 17, 2015"
U.A.E.,Hong Kong,Hong Kong,136 runs,ICCA Dubai,"Nov 18, 2015"
England,Pakistan,England,84 runs,Dubai (DSC),"Nov 20, 2015"
Afghanistan,Zimbabwe,Afghanistan,49 runs,Sharjah,"Dec 25, 2015"
New Zealand,Sri Lanka,New Zealand,7 wickets,Christchurch,"Dec 26, 2015"
New Zealand,Sri Lanka,New Zealand,10 wickets,Christchurch,"Dec 28, 2015"
Afghanistan,Zimbabwe,Afghanistan,4 wickets,Sharjah,"Dec 29, 2015"
New Zealand,Sri Lanka,Sri Lanka,8 wickets,Nelson,"Dec 31, 2015"
New Zealand,Sri Lanka,no result,,Nelson,"Jan 2, 2016"
Afghanistan,Zimbabwe,Zimbabwe,117 runs,Sharjah,"Jan 2, 2016"
Afghanistan,Zimbabwe,Zimbabwe,65 runs,Sharjah,"Jan 4, 2016"
New Zealand,Sri Lanka,New Zealand,36 runs,Mount Maunganui,"Jan 5, 2016"
Afghanistan,Zimbabwe,Afghanistan,2 wickets,Sharjah,"Jan 6, 2016"
Australia,India,Australia,5 wickets,Perth,"Jan 12, 2016"
Australia,India,Australia,7 wickets,Brisbane,"Jan 15, 2016"
Australia,India,Australia,3 wickets,Melbourne,"Jan 17, 2016"
Australia,India,Australia,25 runs,Canberra,"Jan 20, 2016"
Australia,India,India,6 wickets,Sydney,"Jan 23, 2016"
New Zealand,Pakistan,New Zealand,70 runs,Wellington,"Jan 25, 2016"
Hong Kong,Scotland,Hong Kong,109 runs,Mong Kok,"Jan 26, 2016"
New Zealand,Pakistan,New Zealand,3 wickets,Auckland,"Jan 31, 2016"
New Zealand,Australia,New Zealand,159 runs,Auckland,"Feb 3, 2016"
South Africa,England,England,39 runs,Bloemfontein,"Feb 3, 2016"
New Zealand,Australia,Australia,4 wickets,Wellington,"Feb 6, 2016"
South Africa,England,England,5 wickets,Port Elizabeth,"Feb 6, 2016"
New Zealand,Australia,New Zealand,55 runs,Hamilton,"Feb 8, 2016"
South Africa,England,South Africa,7 wickets,Centurion,"Feb 9, 2016"
South Africa,England,South Africa,1 wicket,Johannesburg,"Feb 12, 2016"
South Africa,England,South Africa,5 wickets,Cape Town,"Feb 14, 2016"
West Indies,South Africa,West Indies,4 wickets,Providence,"Jun 3, 2016"
West Indies,Australia,Australia,6 wickets,Providence,"Jun 5, 2016"
Australia,South Africa,South Africa,47 runs,Providence,"Jun 7, 2016"
Zimbabwe,India,India,9 wickets,Harare,"Jun 11, 2016"
Australia,South Africa,Australia,36 runs,Basseterre,"Jun 11, 2016"
Zimbabwe,India,India,8 wickets,Harare,"Jun 13, 2016"
West Indies,Australia,West Indies,4 wickets,Basseterre,"Jun 13, 2016"
Zimbabwe,India,India,10 wickets,Harare,"Jun 15, 2016"
West Indies,South Africa,South Africa,139 runs,Basseterre,"Jun 15, 2016"
Ireland,Sri Lanka,Sri Lanka,76 runs,Dublin (Malahide),"Jun 16, 2016"
Ireland,Sri Lanka,Sri Lanka,136 runs,Dublin (Malahide),"Jun 18, 2016"
Australia,South Africa,no result,,Bridgetown,"Jun 19, 2016"
England,Sri Lanka,tied,,Nottingham,"Jun 21, 2016"
West Indies,Australia,Australia,6 wickets,Bridgetown,"Jun 21, 2016"
England,Sri Lanka,England,10 wickets,Birmingham,"Jun 24, 2016"
West Indies,South Africa,West Indies,100 runs,Bridgetown,"Jun 24, 2016"
England,Sri Lanka,no result,,Bristol,"Jun 26, 2016"
West Indies,Australia,Australia,58 runs,Bridgetown,"Jun 26, 2016"
England,Sri Lanka,England,6 wickets,The Oval,"Jun 29, 2016"
England,Sri Lanka,England,122 runs,Cardiff,"Jul 2, 2016"
Scotland,Afghanistan,no result,,Edinburgh,"Jul 4, 2016"
Scotland,Afghanistan,Afghanistan,78 runs,Edinburgh,"Jul 6, 2016"
Ireland,Afghanistan,Afghanistan,39 runs,Belfast,"Jul 12, 2016"
Ireland,Afghanistan,Ireland,6 wickets,Belfast,"Jul 14, 2016"
Ireland,Afghanistan,Afghanistan,79 runs,Belfast,"Jul 17, 2016"
Ireland,Afghanistan,Ireland,12 runs,Belfast,"Jul 19, 2016"
Scotland,U.A.E.,Scotland,98 runs,Edinburgh,"Aug 14, 2016"
Scotland,U.A.E.,Scotland,7 wickets,Edinburgh,"Aug 16, 2016"
Ireland,Pakistan,Pakistan,255 runs,Dublin (Malahide),"Aug 18, 2016"
Sri Lanka,Australia,Australia,3 wickets,Colombo (RPS),"Aug 21, 2016"
Sri Lanka,Australia,Sri Lanka,82 runs,Colombo (RPS),"Aug 24, 2016"
England,Pakistan,England,44 runs,Southampton,"Aug 24, 2016"
England,Pakistan,England,4 wickets,Lord's,"Aug 27, 2016"
Sri Lanka,Australia,Australia,2 wickets,Dambulla,"Aug 28, 2016"
England,Pakistan,England,169 runs,Nottingham,"Aug 30, 2016"
Sri Lanka,Australia,Australia,6 wickets,Dambulla,"Aug 31, 2016"
England,Pakistan,England,4 wickets,Leeds,"Sep 1, 2016"
Sri Lanka,Australia,Australia,5 wickets,Pallekele,"Sep 4, 2016"
England,Pakistan,Pakistan,4 wickets,Cardiff,"Sep 4, 2016"
Scotland,Hong Kong,no result,,Edinburgh,"Sep 8, 2016"
Scotland,Hong Kong,Scotland,53 runs,Edinburgh,"Sep 10, 2016"
South Africa,Ireland,South Africa,206 runs,Benoni,"Sep 25, 2016"
Bangladesh,Afghanistan,Bangladesh,7 runs,Dhaka,"Sep 25, 2016"
Australia,Ireland,Australia,9 wickets,Benoni,"Sep 27, 2016"
Bangladesh,Afghanistan,Afghanistan,2 wickets,Dhaka,"Sep 28, 2016"
Pakistan,West Indies,Pakistan,111 runs,Sharjah,"Sep 30, 2016"
South Africa,Australia,South Africa,6 wickets,Centurion,"Sep 30, 2016"
Bangladesh,Afghanistan,Bangladesh,141 runs,Dhaka,"Oct 1, 2016"
South Africa,Australia,South Africa,142 runs,Johannesburg,"Oct 2, 2016"
Pakistan,West Indies,Pakistan,59 runs,Sharjah,"Oct 2, 2016"
Pakistan,West Indies,Pakistan,136 runs,Abu Dhabi,"Oct 5, 2016"
South Africa,Australia,South Africa,4 wickets,Durban,"Oct 5, 2016"
Bangladesh,England,England,21 runs,Dhaka,"Oct 7, 2016"
South Africa,Australia,South Africa,6 wickets,Port Elizabeth,"Oct 9, 2016"
Bangladesh,England,Bangladesh,34 runs,Dhaka,"Oct 9, 2016"
Bangladesh,England,England,4 wickets,Chittagong,"Oct 12, 2016"
South Africa,Australia,South Africa,31 runs,Cape Town,"Oct 12, 2016"
India,New Zealand,India,6 wickets,Dharamsala,"Oct 16, 2016"
India,New Zealand,New Zealand,6 runs,Delhi,"Oct 20, 2016"
India,New Zealand,India,7 wickets,Mohali,"Oct 23, 2016"
India,New Zealand,New Zealand,19 runs,Ranchi,"Oct 26, 2016"
India,New Zealand,India,190 runs,Visakhapatnam,"Oct 29, 2016"
Hong Kong,P.N.G.,Hong Kong,106 runs,Mong Kok,"Nov 4, 2016"
Hong Kong,P.N.G.,P.N.G.,14 runs,Mong Kok,"Nov 6, 2016"
Hong Kong,P.N.G.,Hong Kong,7 wickets,Mong Kok,"Nov 8, 2016"
Zimbabwe,Sri Lanka,Sri Lanka,8 wickets,Harare,"Nov 14, 2016"
Sri Lanka,West Indies,West Indies,62 runs,Harare,"Nov 16, 2016"
Zimbabwe,West Indies,tied,,Bulawayo,"Nov 19, 2016"
Zimbabwe,Sri Lanka,no result,,Bulawayo,"Nov 21, 2016"
Sri Lanka,West Indies,Sri Lanka,1 run,Bulawayo,"Nov 23, 2016"
Zimbabwe,West Indies,Zimbabwe,5 runs,Bulawayo,"Nov 25, 2016"
Zimbabwe,Sri Lanka,Sri Lanka,6 wickets,Bulawayo,"Nov 27, 2016"
Australia,New Zealand,Australia,68 runs,Sydney,"Dec 4, 2016"
Australia,New Zealand,Australia,116 runs,Canberra,"Dec 6, 2016"
Australia,New Zealand,Australia,117 runs,Melbourne,"Dec 9, 2016"
New Zealand,Bangladesh,New Zealand,77 runs,Christchurch,"Dec 26, 2016"
New Zealand,Bangladesh,New Zealand,67 runs,Nelson,"Dec 29, 2016"
New Zealand,Bangladesh,New Zealand,8 wickets,Nelson,"Dec 31, 2016"
Australia,Pakistan,Australia,92 runs,Brisbane,"Jan 13, 2017"
Australia,Pakistan,Pakistan,6 wickets,Melbourne,"Jan 15, 2017"
India,England,India,3 wickets,Pune,"Jan 15, 2017"
Australia,Pakistan,Australia,7 wickets,Perth,"Jan 19, 2017"
India,England,India,15 runs,Cuttack,"Jan 19, 2017"
Australia,Pakistan,Australia,86 runs,Sydney,"Jan 22, 2017"
Hong Kong,Scotland,Hong Kong,7 wickets,Abu Dhabi,"Jan 22, 2017"
India,England,England,5 runs,Kolkata,"Jan 22, 2017"
U.A.E.,Scotland,U.A.E.,4 wickets,Dubai (DSC),"Jan 24, 2017"
Australia,Pakistan,Australia,57 runs,Adelaide,"Jan 26, 2017"
U.A.E.,Hong Kong,U.A.E.,6 wickets,Dubai (DSC),"Jan 26, 2017"
South Africa,Sri Lanka,South Africa,8 wickets,Port Elizabeth,"Jan 28, 2017"
New Zealand,Australia,New Zealand,6 runs,Auckland,"Jan 30, 2017"
South Africa,Sri Lanka,South Africa,121 runs,Durban,"Feb 1, 2017"
South Africa,Sri Lanka,South Africa,7 wickets,Johannesburg,"Feb 4, 2017"
New Zealand,Australia,New Zealand,24 runs,Hamilton,"Feb 5, 2017"
South Africa,Sri Lanka,South Africa,40 runs,Cape Town,"Feb 7, 2017"
South Africa,Sri Lanka,South Africa,88 runs,Centurion,"Feb 10, 2017"
Zimbabwe,Afghanistan,Afghanistan,12 runs,Harare,"Feb 16, 2017"
New Zealand,South Africa,South Africa,4 wickets,Hamilton,"Feb 19, 2017"
Zimbabwe,Afghanistan,Afghanistan,54 runs,Harare,"Feb 19, 2017"
Zimbabwe,Afghanistan,Zimbabwe,3 runs,Harare,"Feb 21, 2017"
New Zealand,South Africa,New Zealand,6 runs,Christchurch,"Feb 22, 2017"
Zimbabwe,Afghanistan,Zimbabwe,7 wickets,Harare,"Feb 24, 2017"
New Zealand,South Africa,South Africa,159 runs,Wellington,"Feb 25, 2017"
Zimbabwe,Afghanistan,Afghanistan,106 runs,Harare,"Feb 26, 2017"
New Zealand,South Africa,New Zealand,7 wickets,Hamilton,"Mar 1, 2017"
U.A.E.,Ireland,Ireland,85 runs,ICCA Dubai,"Mar 2, 2017"
West Indies,England,England,45 runs,North Sound,"Mar 3, 2017"
New Zealand,South Africa,South Africa,6 wickets,Auckland,"Mar 4, 2017"
U.A.E.,Ireland,Ireland,8 wickets,ICCA Dubai,"Mar 4, 2017"
West Indies,England,England,4 wickets,North Sound,"Mar 5, 2017"
West Indies,England,England,186 runs,Bridgetown,"Mar 9, 2017"
Afghanistan,Ireland,Afghanistan,30 runs,Greater Noida,"Mar 15, 2017"
Afghanistan,Ireland,Afghanistan,34 runs,Greater Noida,"Mar 17, 2017"
Afghanistan,Ireland,Ireland,6 wickets,Greater Noida,"Mar 19, 2017"
Afghanistan,Ireland,Ireland,3 wickets,Greater Noida,"Mar 22, 2017"
Afghanistan,Ireland,Afghanistan,7 wickets,Greater Noida,"Mar 24, 2017"
Sri Lanka,Bangladesh,Bangladesh,90 runs,Dambulla,"Mar 25, 2017"
Sri Lanka,Bangladesh,no result,,Dambulla,"Mar 28, 2017"
U.A.E.,P.N.G.,U.A.E.,82 runs,Abu Dhabi,"Mar 31, 2017"
Sri Lanka,Bangladesh,Sri Lanka,70 runs,Colombo (SSC),"Apr 1, 2017"
U.A.E.,P.N.G.,P.N.G.,26 runs,Abu Dhabi,"Apr 2, 2017"
U.A.E.,P.N.G.,U.A.E.,103 runs,Abu Dhabi,"Apr 4, 2017"
West Indies,Pakistan,West Indies,4 wickets,Providence,"Apr 7, 2017"
West Indies,Pakistan,Pakistan,74 runs,Providence,"Apr 9, 2017"
West Indies,Pakistan,Pakistan,6 wickets,Providence,"Apr 11, 2017"
England,Ireland,England,7 wickets,Bristol,"May 5, 2017"
England,Ireland,England,85 runs,Lord's,"May 7, 2017"
Ireland,Bangladesh,no result,,Dublin (Malahide),"May 12, 2017"
Ireland,New Zealand,New Zealand,51 runs,Dublin (Malahide),"May 14, 2017"
Bangladesh,New Zealand,New Zealand,4 wickets,Dublin,"May 17, 2017"
Ireland,Bangladesh,Bangladesh,8 wickets,Dublin (Malahide),"May 19, 2017"
Ireland,New Zealand,New Zealand,190 runs,Dublin (Malahide),"May 21, 2017"
Bangladesh,New Zealand,Bangladesh,5 wickets,Dublin,"May 24, 2017"
England,South Africa,England,72 runs,Leeds,"May 24, 2017"
England,South Africa,England,2 runs,Southampton,"May 27, 2017"
England,South Africa,South Africa,7 wickets,Lord's,"May 29, 2017"
England,Bangladesh,England,8 wickets,The Oval,"Jun 1, 2017"
Australia,New Zealand,no result,,Birmingham,"Jun 2, 2017"
South Africa,Sri Lanka,South Africa,96 runs,The Oval,"Jun 3, 2017"
India,Pakistan,India,124 runs,Birmingham,"Jun 4, 2017"
Australia,Bangladesh,no result,,The Oval,"Jun 5, 2017"
England,New Zealand,England,87 runs,Cardiff,"Jun 6, 2017"
Pakistan,South Africa,Pakistan,19 runs,Birmingham,"Jun 7, 2017"
India,Sri Lanka,Sri Lanka,7 wickets,The Oval,"Jun 8, 2017"
Bangladesh,New Zealand,Bangladesh,5 wickets,Cardiff,"Jun 9, 2017"
West Indies,Afghanistan,Afghanistan,63 runs,Gros Islet,"Jun 9, 2017"
England,Australia,England,40 runs,Birmingham,"Jun 10, 2017"
India,South Africa,India,8 wickets,The Oval,"Jun 11, 2017"
West Indies,Afghanistan,West Indies,4 wickets,Gros Islet,"Jun 11, 2017"
Pakistan,Sri Lanka,Pakistan,3 wickets,Cardiff,"Jun 12, 2017"
England,Pakistan,Pakistan,8 wickets,Cardiff,"Jun 14, 2017"
West Indies,Afghanistan,no result,,Gros Islet,"Jun 14, 2017"
Bangladesh,India,India,9 wickets,Birmingham,"Jun 15, 2017"
Scotland,Zimbabwe,Scotland,26 runs,Edinburgh,"Jun 15, 2017"
Scotland,Zimbabwe,Zimbabwe,6 wickets,Edinburgh,"Jun 17, 2017"
India,Pakistan,Pakistan,180 runs,The Oval,"Jun 18, 2017"
West Indies,India,no result,,Port of Spain,"Jun 23, 2017"
West Indies,India,India,105 runs,Port of Spain,"Jun 25, 2017"
Sri Lanka,Zimbabwe,Zimbabwe,6 wickets,Galle,"Jun 30, 2017"
West Indies,India,India,93 runs,North Sound,"Jun 30, 2017"
Sri Lanka,Zimbabwe,Sri Lanka,7 wickets,Galle,"Jul 2, 2017"
West Indies,India,West Indies,11 runs,North Sound,"Jul 2, 2017"
Sri Lanka,Zimbabwe,Sri Lanka,8 wickets,Hambantota,"Jul 6, 2017"
West Indies,India,India,8 wickets,Kingston,"Jul 6, 2017"
Sri Lanka,Zimbabwe,Zimbabwe,4 wickets,Hambantota,"Jul 8, 2017"
Sri Lanka,Zimbabwe,Zimbabwe,3 wickets,Hambantota,"Jul 10, 2017"
Sri Lanka,India,India,9 wickets,Dambulla,"Aug 20, 2017"
Sri Lanka,India,India,3 wickets,Pallekele,"Aug 24, 2017"
Sri Lanka,India,India,6 wickets,Pallekele,"Aug 27, 2017"
Sri Lanka,India,India,168 runs,Colombo (RPS),"Aug 31, 2017"
Sri Lanka,India,India,6 wickets,Colombo (RPS),"Sep 3, 2017"
India,Australia,India,26 runs,Chennai,"Sep 17, 2017"
England,West Indies,England,7 wickets,Manchester,"Sep 19, 2017"
India,Australia,India,50 runs,Kolkata,"Sep 21, 2017"
England,West Indies,no result,,Nottingham,"Sep 21, 2017"
India,Australia,India,5 wickets,Indore,"Sep 24, 2017"
England,West Indies,England,124 runs,Bristol,"Sep 24, 2017"
England,West Indies,England,6 runs,The Oval,"Sep 27, 2017"
India,Australia,Australia,21 runs,Bengaluru,"Sep 28, 2017"
England,West Indies,England,9 wickets,Southampton,"Sep 29, 2017"
India,Australia,India,7 wickets,Nagpur,"Oct 1, 2017"
P.N.G.,Scotland,Scotland,101 runs,Port Moresby,"Oct 6, 2017"
P.N.G.,Scotland,P.N.G.,5 wickets,Port Moresby,"Oct 8, 2017"
Pakistan,Sri Lanka,Pakistan,83 runs,Dubai (DSC),"Oct 13, 2017"
South Africa,Bangladesh,South Africa,10 wickets,Kimberley,"Oct 15, 2017"
Pakistan,Sri Lanka,Pakistan,32 runs,Abu Dhabi,"Oct 16, 2017"
South Africa,Bangladesh,South Africa,104 runs,Paarl,"Oct 18, 2017"
Pakistan,Sri Lanka,Pakistan,7 wickets,Abu Dhabi,"Oct 18, 2017"
Pakistan,Sri Lanka,Pakistan,7 wickets,Sharjah,"Oct 20, 2017"
India,New Zealand,New Zealand,6 wickets,Mumbai,"Oct 22, 2017"
South Africa,Bangladesh,South Africa,200 runs,East London,"Oct 22, 2017"
Pakistan,Sri Lanka,Pakistan,9 wickets,Sharjah,"Oct 23, 2017"
India,New Zealand,India,6 wickets,Pune,"Oct 25, 2017"
India,New Zealand,India,6 runs,Kanpur,"Oct 29, 2017"
